"","CHR","POS","SNP_ORDER","SNP_ID","FREQ","Var"
"1",1,7164618,126,"BTA-44295-no-rs",0.732394,0.1006185276
"2",1,7260253,128,"BTA-45181-no-rs",0.387324,0.1202808164
"3",1,62768510,1045,"Hapmap49510-BTA-17452",0.788732,0.1013705564
"4",1,93906113,1553,"BTB-01087150",0.457746,0.1025506667
"5",1,93981570,1554,"Hapmap42095-BTA-120006",0.957746,0.1232220522
"6",1,94035144,1555,"ARS-BFGL-NGS-14083",0.387324,0.1086709647
"7",1,94088505,1557,"ARS-BFGL-NGS-106939",0.65493,0.1432500117
"8",1,94134092,1558,"BTB-01086885",0.669014,0.1064177633
"9",1,96716076,1601,"ARS-BFGL-NGS-4387",0.239437,0.1049353105
"10",1,96747618,1602,"ARS-BFGL-NGS-96411",0.985915,0.1863715581
"11",1,96820888,1603,"Hapmap42551-BTA-43327",0.084507,0.1504778032
"12",1,96856897,1604,"ARS-BFGL-NGS-112806",0.338028,0.1609531727
"13",1,96883533,1605,"BTA-43335-no-rs",0.950704,0.1132001999
"14",1,96959413,1606,"ARS-BFGL-NGS-94323",0.429577,0.1345074783
"15",1,97117901,1607,"BTA-43340-no-rs",0.71831,0.1215448622
"16",1,101633865,1693,"BTB-00807137",0.316901,0.101190287
"17",1,101656030,1694,"BTB-00807095",0.950704,0.2310848295
"18",1,101729648,1695,"BTA-51653-no-rs",0.323944,0.1240283663
"19",1,101758062,1696,"BTB-00047321",0.183099,0.1695201994
"20",1,101780022,1697,"ARS-BFGL-NGS-35839",0.197183,0.12943177
"21",1,101894473,1698,"ARS-BFGL-NGS-11628",0.408451,0.193869996
"22",1,101978904,1699,"BTA-46150-no-rs",0.457746,0.1424979462
"23",1,102023440,1700,"ARS-BFGL-NGS-54096",0.669014,0.1921858156
"24",1,102050836,1701,"ARS-BFGL-BAC-4585",0.669014,0.1247981517
"25",1,103234850,1723,"BTB-00046247",0.443662,0.1158038812
"26",1,103306203,1724,"BTB-02007023",0.359155,0.123294734
"27",1,103339600,1725,"Hapmap42893-BTA-27908",0.640845,0.1289964344
"28",1,103405790,1726,"BTB-01831301",0.359155,0.1173549822
"29",1,103442322,1727,"BTB-01579680",0.443662,0.1228150674
"30",1,103465675,1728,"BTB-01579733",0.443662,0.1250532552
"31",1,129991566,2198,"ARS-BFGL-NGS-29033",0.105634,0.1062038955
"32",1,130055180,2199,"ARS-BFGL-NGS-44711",0.06338,0.181720867
"33",1,130171002,2200,"ARS-BFGL-NGS-6392",0.471831,0.2399317099
"34",1,130204834,2201,"ARS-BFGL-NGS-56582",0.380282,0.3492379809
"35",1,130225374,2202,"BTB-00058404",0.528169,0.3332314002
"36",1,130269306,2203,"ARS-BFGL-NGS-117553",0.387324,0.3155001262
"37",1,130333549,2204,"BTA-53036-no-rs",0.070423,0.2752237957
"38",1,130363507,2205,"BTA-53040-no-rs",0.211268,0.3226768535
"39",1,130404213,2206,"ARS-BFGL-BAC-5990",0.197183,0.2582973787
"40",1,130441749,2207,"ARS-BFGL-NGS-111760",0.28169,0.246113482
"41",1,130473510,2208,"BTB-00058659",0.43662,0.1743536037
"42",1,141713562,2405,"ARS-BFGL-NGS-114130",0.760563,0.102754958
"43",1,141793240,2406,"ARS-BFGL-NGS-31728",0.394366,0.103890286
"44",2,22568193,3137,"Hapmap33359-BTA-133718",0.507042,0.1539523771
"45",2,22608474,3138,"BTB-00084343",0.605634,0.1096841523
"46",2,53401974,3658,"BTB-01412526",0.077465,0.1062296898
"47",2,54862093,3693,"BTB-01294125",0.964789,0.1539006741
"48",2,54912507,3694,"BTB-01293919",0.035211,0.2862742261
"49",2,54937229,3695,"Hapmap51787-BTA-101971",0.366197,0.2887689464
"50",2,54993038,3696,"Hapmap43438-BTA-101967",0.598592,0.1804140634
"51",2,55019715,3697,"Hapmap38718-BTA-101966",0.598592,0.2794704959
"52",2,55076037,3698,"BTB-01165311",0.492958,0.2354211417
"53",2,55101502,3699,"ARS-BFGL-NGS-111213",0.183099,0.1681381054
"54",2,55133902,3700,"Hapmap43745-BTA-101961",0.978873,0.1759904182
"55",2,55164987,3701,"BTB-01165248",0.34507,0.1514016898
"56",2,55339988,3706,"BTB-01165150",0.443662,0.1349742313
"57",2,55360037,3707,"BTB-01892981",0.021127,0.2520212351
"58",2,55394810,3708,"Hapmap23257-BTA-123353",0.330986,0.408073456
"59",2,55441390,3709,"Hapmap48508-BTA-88108",0.035211,0.3278747966
"60",2,55510237,3710,"BTB-01753605",0.514085,0.3562712606
"61",2,55577762,3711,"Hapmap33880-BES9_Contig535_933",0.492958,0.310804937
"62",2,55613073,3712,"Hapmap38699-BTA-81626",0.5,0.2747132199
"63",2,55633701,3713,"BTB-00353784",0.521127,0.2962050606
"64",2,55657824,3714,"Hapmap44140-BTA-81617",0.5,0.2810287625
"65",2,55687114,3715,"BTB-00353647",0.464789,0.203061226
"66",2,55708250,3716,"BTB-01160731",0.528169,0.1385554208
"67",2,64731462,3859,"UA-IFASA-3968",0.612676,0.1101643702
"68",2,75066200,4030,"Hapmap51098-BTA-96589",0.880282,0.2126560921
"69",2,75132529,4031,"Hapmap50173-BTA-96591",0.619718,0.3371572484
"70",2,75307501,4032,"ARS-BFGL-NGS-32559",0.922535,0.236721968
"71",2,75466886,4033,"BTA-96598-no-rs",0.767606,0.2985396734
"72",2,75615637,4034,"BTA-96609-no-rs",0.950704,0.3299857771
"73",2,75669042,4035,"Hapmap24002-BTA-150995",0.204225,0.2955836321
"74",2,75692826,4036,"BTA-96614-no-rs",0.619718,0.3503897101
"75",2,75716491,4037,"ARS-BFGL-NGS-69160",0.894366,0.2350321361
"76",2,75794795,4038,"Hapmap60737-rs29018861",0.65493,0.1850975236
"77",2,75850641,4039,"ARS-BFGL-NGS-104820",0.591549,0.1879054655
"78",2,115397512,4577,"Hapmap52537-rs29011369",0.288732,0.1776675019
"79",2,115448114,4578,"BTB-00113596",0.288732,0.1077871353
"80",2,115480079,4579,"ARS-BFGL-NGS-94004",0.450704,0.1579224728
"81",2,115504029,4580,"BTB-00113625",0.288732,0.327129702
"82",2,115533946,4581,"Hapmap40249-BTA-49086",0.014085,0.499817276
"83",2,115622067,4582,"Hapmap41888-BTA-49091",0.232394,0.826839192
"84",2,115665427,4583,"ARS-BFGL-BAC-35548",0.542254,1.2851805897
"85",2,115695003,4584,"BTA-49096-no-rs",0.760563,1.6071883333
"86",2,115730530,4585,"ARS-BFGL-NGS-30337",0.521127,1.3488469086
"87",2,115821065,4586,"ARS-BFGL-NGS-103753",0.612676,1.1689686326
"88",2,115875702,4587,"Hapmap54770-rs29009608",0.535211,0.7398417168
"89",2,115986085,4588,"ARS-BFGL-NGS-43721",0.605634,0.8178265017
"90",2,116018639,4589,"ARS-BFGL-NGS-107330",0.366197,0.5958550712
"91",2,116064090,4590,"Hapmap38323-BTA-49132",0.366197,0.3476804354
"92",2,116123392,4591,"ARS-BFGL-NGS-107909",0.492958,0.1830611427
"93",2,116186918,4593,"BTA-103078-no-rs",0.556338,0.1022527997
"94",2,116211153,4594,"ARS-BFGL-NGS-112195",0.676056,0.2646628433
"95",2,116340519,4595,"Hapmap44637-BTA-17098",0.908451,0.1336602749
"96",2,118732813,4630,"ARS-BFGL-NGS-8841",0.676056,0.1151775137
"97",2,118785254,4631,"ARS-BFGL-NGS-15508",0.359155,0.1186105474
"98",3,13457326,5176,"ARS-BFGL-NGS-3374",0.922535,0.1417191897
"99",3,13623576,5177,"ARS-BFGL-NGS-106490",0.295775,0.1089414182
"100",3,13646233,5178,"ARS-BFGL-NGS-108231",0.316901,0.1087681046
"101",3,13692707,5179,"ARS-BFGL-NGS-119921",0.549296,0.1247045638
"102",3,13768233,5180,"Hapmap53387-rs29010859",0.774648,0.174409357
"103",3,13927203,5181,"ARS-BFGL-NGS-1316",0.5,0.1854590388
"104",3,14015189,5182,"ARS-BFGL-NGS-6556",0.056338,0.1526392368
"105",3,14037138,5183,"UA-IFASA-8925",0.584507,0.1543209424
"106",3,14092136,5184,"Hapmap53344-ss46526153",0.338028,0.1066961132
"107",3,22964033,5299,"Hapmap45949-BTA-66899",0.669014,0.1053203132
"108",3,31771719,5436,"BTB-00125277",0.809859,0.101246627
"109",3,31834027,5437,"INRA-378",0.908451,0.133882377
"110",3,31874226,5438,"BTB-00125325",0.950704,0.1198039461
"111",3,31896363,5439,"BTB-00125348",0.133803,0.1165687395
"112",3,31919978,5440,"ARS-BFGL-NGS-111118",0.422535,0.1360474556
"113",3,43199821,5607,"ARS-BFGL-NGS-102970",0.464789,0.1005674455
"114",3,44209622,5625,"ARS-BFGL-NGS-33061",0.133803,0.1159333595
"115",3,44270113,5626,"Hapmap32570-BTA-141315",0.788732,0.1213717324
"116",3,44454674,5627,"INRA-624",0.204225,0.1237070642
"117",3,44490132,5628,"ARS-BFGL-NGS-55002",0.204225,0.1225157186
"118",3,44563542,5629,"INRA-615",0.584507,0.1279235549
"119",3,61775858,5882,"Hapmap59991-rs29016955",0.528169,0.1141670769
"120",3,77030221,6162,"BTB-01060056",0.619718,0.1025089218
"121",3,89365301,6414,"BTB-00142159",0.267606,0.1340868444
"122",3,89411264,6415,"ARS-BFGL-NGS-44533",0.070423,0.1044862363
"123",3,89466489,6416,"BTB-00141705",0.133803,0.1665188574
"124",3,89561376,6417,"BTB-01755444",0.359155,0.1327577637
"125",3,89652649,6419,"Hapmap57748-ss46526142",0.309859,0.1043548066
"126",3,89752439,6422,"Hapmap34238-BES1_Contig417_1330",0.323944,0.1114883392
"127",3,96947843,6577,"ARS-BFGL-NGS-67035",0.626761,0.1557860812
"128",3,96974610,6578,"BTB-00147847",0.028169,0.170495197
"129",3,96997280,6579,"ARS-BFGL-NGS-63629",0.619718,0.142051864
"130",3,97023337,6580,"BTB-00147905",0.929577,0.1698967952
"131",3,97049079,6581,"BTA-26108-no-rs",0.035211,0.183060284
"132",3,97070925,6582,"BTB-01919893",0.598592,0.2095164772
"133",3,97093984,6583,"Hapmap38905-BTA-68975",0.598592,0.1928704741
"134",3,97141095,6584,"BTA-68980-no-rs",0.584507,0.1400997259
"135",3,105566882,6751,"ARS-BFGL-NGS-111314",0.035211,0.1417917484
"136",3,105587654,6752,"ARS-BFGL-NGS-30583",0.035211,0.3004601911
"137",3,105633280,6753,"Hapmap22746-BTA-141712",0.387324,0.1918849109
"138",3,105687436,6754,"BTB-00148881",0.176056,0.1723418442
"139",3,105691182,6755,"BTB-00148908",0.197183,0.1400318351
"140",3,105745609,6756,"INRA-111",0.056338,0.1264986786
"141",3,105787741,6757,"BTB-01932810",0.830986,0.1089950191
"142",3,105811284,6758,"ARS-BFGL-NGS-23119",0.197183,0.1113715999
"143",3,110260420,6849,"BTB-00156546",0.725352,0.1023461763
"144",3,110319557,6850,"ARS-BFGL-NGS-3489",0.15493,0.1342031966
"145",3,110364783,6851,"BTB-00156662",0.06338,0.1565742431
"146",3,110395482,6852,"BTB-00156691",0.521127,0.1757510135
"147",3,110419349,6853,"BTB-00390861",0.06338,0.1193026678
"148",3,110489512,6854,"BTB-00156807",0.521127,0.1371208419
"149",3,110546593,6855,"BTA-01438-rs29012403",0.06338,0.1154488746
"150",3,110571030,6856,"Hapmap58315-ss46527116",0.521127,0.1170754907
"151",3,110631569,6857,"BTB-00156962",0.471831,0.113933932
"152",3,111526170,6873,"ARS-BFGL-NGS-74948",0.535211,0.1193364065
"153",3,111551378,6874,"Hapmap30841-BTA-147966",0.197183,0.1413165875
"154",3,111594054,6875,"BTA-69565-no-rs",0.309859,0.268399461
"155",3,111615734,6876,"BTA-69569-no-rs",0.647887,0.191850993
"156",3,111651143,6877,"Hapmap35643-SCAFFOLD318144_4314",0.549296,0.3867036619
"157",3,111677167,6878,"BTB-01948148",0.035211,0.7467347019
"158",3,111708236,6879,"Hapmap42062-BTA-109789",0.260563,1.2415855102
"159",3,111730561,6880,"BTB-01641394",0.507042,0.9480214011
"160",3,111751663,6881,"ARS-BFGL-NGS-37809",0.507042,1.0607738886
"161",3,111772736,6882,"ARS-BFGL-NGS-25298",0.612676,1.2101267375
"162",3,111806406,6883,"ARS-BFGL-NGS-44131",0.176056,1.0252690009
"163",3,111833768,6884,"ARS-BFGL-NGS-6202",0.302817,1.1671761702
"164",3,111933069,6885,"ARS-BFGL-NGS-85333",0.211268,0.6077153076
"165",3,111965305,6886,"ARS-BFGL-NGS-97849",0.373239,0.7547885266
"166",3,111991216,6887,"ARS-BFGL-NGS-71345",0.373239,0.49657328
"167",3,112064027,6888,"ARS-BFGL-NGS-110683",0.5,0.332146408
"168",3,112192839,6889,"BTA-87451-no-rs",0.309859,0.2441923918
"169",3,112221070,6890,"ARS-BFGL-NGS-18163",0.478873,0.2095205586
"170",3,112257692,6891,"ARS-BFGL-NGS-115246",0.549296,0.1130035843
"171",4,7192396,7167,"BTB-01511967",0.260563,0.1497884582
"172",4,7225482,7168,"ARS-BFGL-NGS-6424",0.373239,0.1546827676
"173",4,7295838,7169,"BTB-01580567",0.021127,0.170328655
"174",4,7372107,7170,"BTB-01580681",0.84507,0.2131737585
"175",4,7402633,7171,"ARS-BFGL-NGS-57919",0.415493,0.1844688675
"176",4,7427468,7172,"BTB-00685072",0.147887,0.3386708112
"177",4,7455891,7173,"ARS-BFGL-NGS-71657",0.34507,0.327844034
"178",4,7510935,7174,"ARS-BFGL-NGS-106242",0.274648,0.2017906884
"179",4,7564729,7175,"Hapmap29841-BTA-150778",0.852113,0.133508973
"180",4,7600537,7176,"ARS-BFGL-NGS-34749",0.5,0.1003905956
"181",4,51114124,7914,"BTB-00184775",0.021127,0.160611683
"182",4,51149352,7915,"ARS-BFGL-NGS-117196",0.302817,0.1553835225
"183",4,51179378,7916,"ARS-BFGL-NGS-113150",0.246479,0.1091967663
"184",4,72119491,8285,"ARS-BFGL-NGS-42007",0.366197,0.1122716925
"185",4,73095991,8298,"BTA-71353-no-rs",0.28169,0.1089045339
"186",4,101775238,8793,"Hapmap51374-BTA-104594",0.521127,0.1037508564
"187",4,102672717,8808,"BTA-85913-no-rs",0.929577,0.1528300472
"188",4,102773397,8809,"BTA-72155-no-rs",0.098592,0.1513353259
"189",4,102850747,8810,"BTA-72153-no-rs",0.690141,0.1659194198
"190",4,102942082,8811,"Hapmap46021-BTA-72146",0.690141,0.1754338903
"191",4,103014613,8812,"Hapmap60483-rs29010048",0.816901,0.1778790559
"192",4,103046494,8813,"ARS-BFGL-NGS-109036",0.443662,0.1573742703
"193",4,103081003,8814,"ARS-BFGL-NGS-32175",0.366197,0.1194240123
"194",4,103142613,8816,"Hapmap51625-BTA-71992",0.521127,0.1074542322
"195",4,106069205,8858,"ARS-BFGL-NGS-35219",0.535211,0.1934954129
"196",4,106109340,8859,"Hapmap35759-SCAFFOLD161053_2988",0.612676,0.1729248321
"197",4,106144190,8860,"Hapmap47387-BTA-72195",0.387324,0.1533668917
"198",4,106191183,8861,"ARS-BFGL-NGS-4608",0.746479,0.2170282485
"199",4,106217430,8862,"Hapmap51932-BTA-119886",0.549296,0.292899422
"200",4,106244569,8863,"ARS-BFGL-NGS-35727",0.866197,0.2349577454
"201",4,106308774,8864,"Hapmap49723-BTA-72140",0.359155,0.1849150971
"202",4,106435387,8865,"ARS-BFGL-NGS-100841",0.098592,0.1562278291
"203",4,106536218,8866,"ARS-BFGL-NGS-28655",0.147887,0.1234696503
"204",5,5493169,9230,"BTA-73200-no-rs",0.105634,0.1155492701
"205",5,5516675,9231,"ARS-BFGL-NGS-3594",0.373239,0.1099071797
"206",5,5566934,9232,"BTB-00215816",0.225352,0.1871746266
"207",5,5593576,9233,"BTB-00215874",0.225352,0.2145005865
"208",5,5621182,9234,"BTA-73127-no-rs",0.774648,0.2243273874
"209",5,5660281,9235,"BTB-01200617",0.387324,0.2257861857
"210",5,5684010,9236,"Hapmap40881-BTA-109195",0.380282,0.2038843199
"211",5,5709307,9237,"ARS-BFGL-NGS-35982",0.28169,0.1989243967
"212",5,5756462,9238,"ARS-BFGL-NGS-116916",0.56338,0.2160151299
"213",5,5781953,9239,"BTB-01793309",0.359155,0.1436056494
"214",5,5899712,9240,"BTB-01200493",0.894366,0.1681461477
"215",5,6016429,9241,"BTB-01610675",0.359155,0.3122917055
"216",5,6147730,9242,"UA-IFASA-4428",0.133803,0.2459824869
"217",5,6234962,9243,"Hapmap27170-BTA-142780",0.028169,0.2194507922
"218",5,6256982,9244,"BTA-73940-no-rs",0.774648,0.2229995224
"219",5,6281168,9245,"Hapmap59616-ss46526976",0.267606,0.3864947284
"220",5,6312610,9246,"BTA-73915-no-rs",0.267606,0.5103844282
"221",5,6372558,9247,"ARS-BFGL-NGS-8671",0.309859,0.2652140504
"222",5,6396764,9248,"ARS-BFGL-NGS-113945",0.816901,0.2049049989
"223",5,6477926,9249,"Hapmap38248-BTA-73843",0.549296,0.1570982413
"224",5,48229383,9825,"ARS-BFGL-NGS-40753",0.34507,0.108367641
"225",5,52249518,9874,"Hapmap39861-BTA-73536",0.767606,0.1196092456
"226",5,52357915,9875,"Hapmap43667-BTA-73533",0.084507,0.1043697569
"227",5,52526291,9876,"ARS-BFGL-NGS-78314",0.429577,0.1206889331
"228",5,53009069,9877,"ARS-BFGL-NGS-8741",0.091549,0.122042047
"229",5,53321576,9878,"BTA-99758-no-rs",0.626761,0.1118884223
"230",5,53355038,9879,"ARS-BFGL-NGS-114150",0.161972,0.1340222258
"231",5,53412863,9880,"Hapmap51300-BTA-73606",0.612676,0.1084662858
"232",6,8553220,11045,"BTA-104962-no-rs",0.225352,0.1316474848
"233",6,8630173,11046,"BTB-01068898",0.422535,0.231343618
"234",6,8727520,11047,"Hapmap33379-BTA-153882",0.838028,0.1893140006
"235",6,8794456,11048,"Hapmap44182-BTA-104972",0.239437,0.1886211474
"236",6,8881200,11049,"ARS-BFGL-NGS-54017",0.204225,0.2055333517
"237",6,9049173,11050,"BTB-01645485",0.823944,0.2081017197
"238",6,9142299,11051,"BTB-01069210",0.950704,0.234600292
"239",6,9166519,11052,"BTB-01069292",0.190141,0.1925586249
"240",6,9189316,11053,"BTB-02016906",0.190141,0.1212116556
"241",6,36441375,11518,"Hapmap26261-BTC-034133",0.669014,0.1217516986
"242",6,36498019,11519,"ARS-BFGL-NGS-43280",0.014085,0.1401322713
"243",6,36556442,11520,"BTA-22850-no-rs",0.802817,0.1082570271
"244",6,40662051,11616,"Hapmap49744-BTA-75903",0.577465,0.1011361683
"245",6,40696320,11617,"BTA-75902-no-rs",0.464789,0.1051303307
"246",6,40780850,11619,"BTA-75891-no-rs",0.760563,0.1015614284
"247",6,40808612,11620,"ARS-BFGL-NGS-90857",0.521127,0.1481518184
"248",6,43494887,11676,"Hapmap24121-BTC-039009",0.492958,0.1010037622
"249",6,43518582,11677,"Hapmap23242-BTC-039071",0.464789,0.1338035138
"250",6,43544441,11678,"BTB-00254199",0.443662,0.1465031783
"251",6,43579172,11679,"Hapmap31283-BTC-039096",0.492958,0.1019958309
"252",6,43601154,11680,"Hapmap31284-BTC-039204",0.323944,0.1712472052
"253",6,43657946,11681,"Hapmap47403-BTA-76048",0.591549,0.16494214
"254",6,43679917,11682,"Hapmap30420-BTC-039335",0.584507,0.16649729
"255",6,43721038,11683,"Hapmap32456-BTC-038385",0.640845,0.1213865383
"256",6,43758146,11684,"Hapmap26267-BTC-039886",0.711268,0.1582812599
"257",6,43805602,11685,"Hapmap32217-BTC-039812",0.584507,0.1256919504
"258",6,43829217,11686,"Hapmap47098-BTA-76051",0.028169,0.131169371
"259",6,43886543,11687,"Hapmap31607-BTC-039637",0.570423,0.1308107679
"260",6,43944737,11688,"ARS-BFGL-NGS-112073",0.28169,0.1418697312
"261",6,43983354,11689,"ARS-BFGL-NGS-112781",0.352113,0.128895173
"262",6,45053450,11707,"Hapmap23226-BTA-159656",0.887324,0.1035909124
"263",6,45112831,11708,"ARS-BFGL-NGS-21182",0.908451,0.1046554484
"264",6,51093319,11814,"BTB-00257472",0.429577,0.1037847534
"265",6,54231133,11883,"BTA-94705-no-rs",0.21831,0.1015233215
"266",6,57842883,11933,"ARS-BFGL-NGS-100658",0.28169,0.1086336384
"267",6,57929945,11934,"ARS-BFGL-NGS-31848",0.633803,0.1425818273
"268",6,57984344,11935,"ARS-BFGL-NGS-106371",0.795775,0.1783786864
"269",6,58038612,11936,"ARS-BFGL-NGS-25659",0.471831,0.1745891671
"270",6,58077967,11937,"ARS-BFGL-NGS-34791",0.802817,0.205270623
"271",6,58148793,11938,"Hapmap26209-BTA-162290",0.190141,0.2045594035
"272",6,58244833,11939,"BTA-97850-no-rs",0.408451,0.2474061638
"273",6,58285461,11940,"Hapmap54653-rs29025767",0.464789,0.1980535333
"274",6,58333974,11941,"BTA-97854-no-rs",0.619718,0.164892469
"275",6,58528228,11942,"Hapmap55170-rs29017690",0.619718,0.1118230144
"276",6,61487026,12000,"BTB-01211574",0.464789,0.1647695909
"277",6,61515144,12001,"ARS-BFGL-NGS-69759",0.626761,0.1598940975
"278",6,61539588,12002,"BTB-01211501",0.690141,0.1294167054
"279",6,61581893,12003,"BTB-01857634",0.316901,0.1283943648
"280",6,61625983,12004,"ARS-BFGL-NGS-41007",0.105634,0.1434673644
"281",6,61697427,12005,"Hapmap26181-BTA-156071",0.471831,0.1285646891
"282",6,61752222,12006,"ARS-BFGL-NGS-103013",0.71831,0.1193961189
"283",6,68896760,12124,"BTA-76705-no-rs",0.338028,0.1103173074
"284",6,68932249,12125,"ARS-BFGL-NGS-92044",0.830986,0.1666872159
"285",6,69030825,12126,"ARS-BFGL-NGS-47876",0.640845,0.1320536535
"286",6,69054945,12127,"ARS-BFGL-NGS-40712",0.014085,0.1097742066
"287",6,69278302,12128,"BTA-76627-no-rs",0.985915,0.1008279622
"288",6,70387975,12147,"Hapmap32219-BTC-042322",0.56338,0.1258112005
"289",6,70431058,12148,"Hapmap23983-BTC-070420",0.542254,0.1183435252
"290",6,71703879,12175,"ARS-BFGL-NGS-106835",0.359155,0.1882817082
"291",6,71795922,12176,"Hapmap51492-BTA-76637",0.767606,0.2055839304
"292",6,71910070,12177,"BTB-00261083",0.309859,0.2768334526
"293",6,71951614,12178,"ARS-BFGL-NGS-117025",0.669014,0.2975765451
"294",6,71974040,12179,"Hapmap52482-ss46526125",0.788732,0.2380616738
"295",6,72022899,12180,"Hapmap43042-BTA-76779",0.408451,0.1927788449
"296",6,72092553,12181,"Hapmap24088-BTA-144179",0.852113,0.2281654216
"297",6,72153601,12182,"BTB-00263396",0.5,0.2273602676
"298",6,72189556,12183,"BTB-00263355",0.5,0.1805113652
"299",6,72227266,12184,"ARS-BFGL-NGS-69314",0.443662,0.1594466621
"300",6,72267108,12185,"Hapmap50775-BTA-76767",0.450704,0.2035221917
"301",6,72349944,12186,"ARS-BFGL-NGS-55843",0.725352,0.1029125211
"302",6,72385883,12187,"BTB-00263321",0.429577,0.1734409412
"303",6,80246429,12280,"Hapmap24323-BTC-053517",0.746479,0.1378393272
"304",6,80285424,12281,"Hapmap25412-BTC-031860",0.084507,0.1167958292
"305",6,80405653,12282,"ARS-BFGL-NGS-114989",0.549296,0.1172439855
"306",6,87090740,12366,"ARS-BFGL-NGS-17376",0.577465,0.1239016062
"307",6,87266808,12368,"BTA-68275-no-rs",0.823944,0.1021252737
"308",6,87369626,12369,"BTA-22106-no-rs",0.014085,0.1145327881
"309",6,87399244,12370,"Hapmap39786-BTA-86142",0.014085,0.1079784533
"310",6,87437717,12371,"Hapmap51409-BTA-122717",0.267606,0.1253505513
"311",6,87497222,12372,"ARS-BFGL-NGS-28041",0.225352,0.1188147305
"312",6,92805395,12469,"ARS-BFGL-NGS-32227",0.760563,0.1054155958
"313",6,105650631,12722,"BTB-00280101",0.401408,0.1070824301
"314",6,105694985,12723,"ARS-BFGL-NGS-80866",0.042254,0.1557800486
"315",6,105733825,12724,"ARS-BFGL-NGS-112381",0.471831,0.2480202633
"316",6,105837894,12725,"ARS-BFGL-NGS-34635",0.253521,0.2939166645
"317",6,105860748,12726,"BTB-00280987",0.605634,0.3147471587
"318",6,105886914,12727,"BTB-00280923",0.485915,0.2237217746
"319",6,105973106,12728,"ARS-BFGL-NGS-117667",0.528169,0.1631718993
"320",6,106019199,12730,"ARS-BFGL-NGS-69648",0.521127,0.147037671
"321",6,110389495,12824,"ARS-BFGL-NGS-103113",0.866197,0.1151160181
"322",6,110442940,12825,"BTB-00282048",0.161972,0.1186045636
"323",6,110482099,12826,"ARS-BFGL-NGS-34464",0.457746,0.1186035386
"324",6,110542262,12827,"ARS-BFGL-NGS-54732",0.591549,0.1144438116
"325",7,12380941,13144,"UA-IFASA-1667",0.316901,0.1199814176
"326",7,19224812,13254,"ARS-BFGL-NGS-7483",0.21831,0.1334097959
"327",7,19288283,13255,"ARS-BFGL-NGS-14531",0.197183,0.1301182306
"328",7,19339413,13256,"ARS-BFGL-NGS-104684",0.619718,0.1167100232
"329",7,19419542,13259,"BTB-00296762",0.598592,0.1044469474
"330",7,19679690,13261,"ARS-BFGL-NGS-20402",0.56338,0.1000972948
"331",7,30718129,13460,"BTB-00303128",0.795775,0.1109728322
"332",7,30756401,13461,"BTA-78751-no-rs",0.316901,0.1146856757
"333",7,30842216,13462,"BTB-00303295",0.077465,0.148154611
"334",7,30893983,13463,"ARS-BFGL-NGS-104708",0.746479,0.2209090585
"335",7,31053463,13464,"BTB-00303899",0.091549,0.1711270718
"336",7,31097653,13465,"Hapmap40159-BTA-104763",0.373239,0.2077344395
"337",7,31159216,13466,"ARS-BFGL-NGS-77121",0.380282,0.2198390026
"338",7,31184677,13467,"BTB-01571406",0.894366,0.2276939805
"339",7,31220790,13468,"BTB-01518845",0.15493,0.228538817
"340",7,31271517,13469,"ARS-BFGL-NGS-64145",0.316901,0.1682386295
"341",7,31322240,13470,"BTA-121460-no-rs",0.014085,0.122561631
"342",7,31343335,13471,"Hapmap57685-rs29016545",0.28169,0.117042469
"343",7,33854683,13519,"Hapmap44527-BTA-17793",0.866197,0.1330843487
"344",7,33929533,13520,"UA-IFASA-4938",0.267606,0.1227759092
"345",7,34096243,13522,"Hapmap42755-BTA-99683",0.330986,0.1027942763
"346",7,34168848,13523,"ARS-BFGL-NGS-118984",0.140845,0.1405064164
"347",7,34195094,13524,"ARS-BFGL-NGS-76864",0.183099,0.1365810409
"348",7,34220737,13525,"Hapmap52098-rs29017346",0.591549,0.1072546598
"349",7,51178102,13798,"Hapmap44410-BTA-78928",0.330986,0.1162805363
"350",7,52464625,13812,"ARS-BFGL-NGS-15368",0.901408,0.1284217192
"351",7,52731403,13815,"ARS-BFGL-NGS-11368",0.732394,0.1460460081
"352",7,52773163,13816,"ARS-BFGL-NGS-3839",0.732394,0.2226008602
"353",7,52843633,13817,"ARS-BFGL-NGS-114525",0.176056,0.1205873138
"354",7,52886233,13818,"ARS-BFGL-NGS-105148",0.71831,0.1449114648
"355",7,55135068,13852,"BTB-01175783",0.028169,0.1146606414
"356",7,55186678,13853,"BTB-01175761",0.260563,0.1803619763
"357",7,55234250,13854,"BTB-00311362",0.915493,0.2442887529
"358",7,55393142,13855,"Hapmap54976-rs29019286",0.253521,0.2443251719
"359",7,55416080,13856,"ARS-BFGL-NGS-22197",0.098592,0.2226449758
"360",7,55541674,13857,"BTA-88472-no-rs",0.077465,0.1533915825
"361",7,55567655,13858,"ARS-BFGL-NGS-65670",0.260563,0.1557251316
"362",7,55613829,13859,"ARS-BFGL-NGS-107103",0.338028,0.1697591935
"363",7,55634474,13860,"BTB-01641665",0.15493,0.1431795104
"364",7,63935354,14036,"ARS-BFGL-NGS-6029",0.401408,0.1536041166
"365",7,64065612,14038,"BTA-28702-no-rs",0.190141,0.1308118462
"366",7,64160880,14039,"Hapmap35285-BES4_Contig405_551",0.06338,0.212679895
"367",7,64216054,14040,"BTA-12698-rs29024650",0.014085,0.1600284286
"368",7,64258130,14041,"Hapmap41494-BTA-28685",0.676056,0.21905317
"369",7,64285750,14042,"BTA-28679-no-rs",0.711268,0.1992011175
"370",7,64307708,14043,"BTB-01880776",0.070423,0.1580737115
"371",7,64332584,14044,"BTB-01880736",0.683099,0.2196837213
"372",7,64375368,14045,"BTA-28678-no-rs",0.676056,0.154111834
"373",7,64398006,14046,"BTB-01105928",0.225352,0.1080260723
"374",7,72482132,14182,"BTB-01217667",0.260563,0.1735299395
"375",7,72518376,14183,"Hapmap50873-BTA-112610",0.112676,0.2752413448
"376",7,72563728,14184,"BTB-01217507",0.112676,0.2337061471
"377",7,72593664,14185,"BTB-01217472",0.309859,0.2390748228
"378",7,72621717,14186,"Hapmap48186-BTA-112617",0.394366,0.2037375006
"379",7,72657448,14187,"ARS-BFGL-NGS-37793",0.147887,0.1674677709
"380",7,72693116,14188,"ARS-BFGL-NGS-102365",0.239437,0.1365016351
"381",7,72828445,14189,"ARS-BFGL-NGS-107513",0.809859,0.1127418671
"382",7,72852260,14190,"Hapmap48995-BTA-103787",0.232394,0.1183161438
"383",7,73473535,14198,"Hapmap55033-rs29016821",0.387324,0.121032904
"384",7,73507133,14199,"BTB-00319733",0.429577,0.1520349635
"385",7,73539906,14200,"BTB-00319743",0.570423,0.1352915706
"386",7,73574389,14201,"BTB-00319755",0.429577,0.1163383785
"387",7,73605674,14202,"BTB-00319838",0.922535,0.1194296999
"388",7,73607632,14203,"BTB-00319857",0.922535,0.1257561459
"389",7,73637074,14204,"Hapmap34667-BES3_Contig253_417",0.577465,0.1501762258
"390",7,90688919,14479,"ARS-BFGL-NGS-101886",0.126761,0.1170777561
"391",7,97603739,14558,"ARS-BFGL-NGS-42763",0.542254,0.1486863157
"392",7,97813968,14559,"BTB-00327062",0.528169,0.1248128778
"393",7,97980945,14560,"ARS-BFGL-NGS-96074",0.535211,0.1293739058
"394",7,108633936,14729,"ARS-BFGL-NGS-16396",0.323944,0.1536596575
"395",7,108657867,14730,"Hapmap53611-rs29011370",0.323944,0.1006226767
"396",8,25725277,15174,"BTB-01051883",0.28169,0.1129557311
"397",8,25753902,15175,"Hapmap58082-rs29010933",0.859155,0.1830821909
"398",8,25802651,15176,"BTB-01051794",0.401408,0.2412612117
"399",8,25830738,15177,"Hapmap49881-BTA-120681",0.542254,0.1891494981
"400",8,25858677,15178,"BTA-27527-no-rs",0.732394,0.1284104053
"401",8,36246265,15363,"ARS-BFGL-NGS-52657",0.394366,0.1099826282
"402",8,55004187,15701,"BTB-01820765",0.866197,0.1480942234
"403",8,55190206,15703,"Hapmap54208-rs29015846",0.661972,0.1716330687
"404",8,55218811,15704,"Hapmap54541-rs29014049",0.514085,0.254972228
"405",8,55298755,15705,"BTA-107975-no-rs",0.21831,0.1676212635
"406",8,55323946,15706,"BTB-01616745",0.147887,0.1450458168
"407",8,55376512,15707,"ARS-BFGL-NGS-76732",0.528169,0.145058796
"408",8,55433879,15708,"BTB-02017947",0.591549,0.1047508658
"409",8,65038546,15884,"ARS-BFGL-NGS-15846",0.978873,0.1267777169
"410",8,65108782,15885,"ARS-BFGL-NGS-111488",0.183099,0.112768434
"411",8,65148173,15886,"BTB-00950285",0.387324,0.1042635887
"412",8,70893052,15974,"Hapmap39948-BTA-81787",0.570423,0.1076591932
"413",9,9212931,16906,"ARS-BFGL-NGS-77146",0.767606,0.1113365519
"414",9,9302225,16907,"ARS-BFGL-NGS-100620",0.176056,0.1757816786
"415",9,9339314,16908,"Hapmap57776-rs29013550",0.725352,0.161622329
"416",9,9595607,16909,"ARS-BFGL-NGS-85616",0.584507,0.2346045591
"417",9,9643273,16910,"ARS-BFGL-NGS-5339",0.809859,0.2329211128
"418",9,9907258,16911,"Hapmap41153-BTA-110528",0.690141,0.2362672662
"419",9,9952764,16912,"ARS-BFGL-NGS-15799",0.380282,0.218126907
"420",9,10112014,16913,"ARS-BFGL-NGS-57285",0.443662,0.2085905052
"421",9,10139748,16914,"ARS-BFGL-NGS-37889",0.584507,0.164094705
"422",9,10221793,16915,"ARS-BFGL-NGS-93995",0.401408,0.1460169828
"423",9,32128416,17261,"BTB-00386288",0.887324,0.1029363916
"424",9,50084516,17500,"BTA-83709-no-rs",0.514085,0.1075781427
"425",9,50127680,17501,"UA-IFASA-4980",0.267606,0.1619501674
"426",9,50156167,17502,"BTB-00392462",0.584507,0.1928335368
"427",9,50193250,17503,"Hapmap49336-BTA-83713",0.06338,0.1790576502
"428",9,50223504,17504,"BTB-00392496",0.577465,0.226404046
"429",9,50246135,17505,"Hapmap44146-BTA-83959",0.338028,0.1558062212
"430",9,50288536,17506,"BTB-00397090",0.65493,0.2264369095
"431",9,50316056,17507,"BTB-00397064",0.661972,0.1677944196
"432",9,50453292,17508,"ARS-BFGL-NGS-101365",0.809859,0.1100639147
"433",9,76708517,17922,"ARS-BFGL-NGS-116465",0.450704,0.1330889164
"434",9,76804356,17923,"ARS-BFGL-NGS-10386",0.169014,0.1289856168
"435",9,76843457,17924,"BTA-16148-no-rs",0.471831,0.1179626635
"436",9,87454872,18078,"BTB-02079832",0.380282,0.1128078439
"437",9,87701436,18082,"Hapmap58334-rs29012728",0.119718,0.1102492292
"438",9,87737922,18083,"ARS-BFGL-NGS-28183",0.34507,0.1508794221
"439",9,87761731,18084,"BTB-00865957",0.704225,0.1274192392
"440",9,87784500,18085,"BTA-56201-no-rs",0.373239,0.1827472357
"441",9,87813977,18086,"ARS-BFGL-NGS-6332",0.06338,0.1002053292
"442",9,87859682,18087,"Hapmap43079-BTA-84708",0.302817,0.1233976167
"443",9,88080504,18088,"Hapmap50128-BTA-84697",0.042254,0.1210155562
"444",9,88113326,18089,"ARS-BFGL-NGS-92851",0.866197,0.1544751636
"445",9,88160188,18090,"Hapmap58876-ss46526986",0.464789,0.2696323759
"446",9,88210465,18091,"BTB-00405541",0.528169,0.2575875625
"447",9,88254314,18092,"BTB-00405487",0.683099,0.2377826854
"448",9,88276948,18093,"ARS-BFGL-NGS-18187",0.34507,0.2077460683
"449",9,88414100,18094,"ARS-BFGL-NGS-97743",0.056338,0.2119305819
"450",9,88532524,18095,"ARS-BFGL-NGS-55625",0.943662,0.1704413836
"451",9,88561108,18096,"ARS-BFGL-NGS-66371",0.661972,0.1986768547
"452",9,88598336,18097,"BTB-00404975",0.697183,0.1651225629
"453",9,88636634,18098,"BTB-00404912",0.211268,0.1047741447
"454",9,96291120,18242,"ARS-BFGL-NGS-119644",0.091549,0.1188890625
"455",10,14228843,18634,"ARS-BFGL-NGS-115059",0.380282,0.1091090814
"456",10,14284093,18635,"ARS-BFGL-NGS-87702",0.619718,0.1259792393
"457",10,15898865,18667,"ARS-BFGL-NGS-44234",0.471831,0.1285237037
"458",10,15955819,18668,"ARS-BFGL-NGS-118236",0.647887,0.2088687315
"459",10,15994647,18669,"Hapmap47826-BTA-107963",0.816901,0.2763054875
"460",10,16137379,18670,"ARS-BFGL-BAC-14174",0.147887,0.261853015
"461",10,16160207,18671,"ARS-BFGL-NGS-5722",0.119718,0.3713582826
"462",10,16182204,18672,"ARS-BFGL-NGS-113265",0.394366,0.4067019434
"463",10,16211659,18673,"ARS-BFGL-NGS-16604",0.077465,0.2890236442
"464",10,16346333,18674,"ARS-BFGL-NGS-87552",0.866197,0.2102355111
"465",10,16434398,18675,"BTA-83414-no-rs",0.21831,0.1754463115
"466",10,16454781,18676,"ARS-BFGL-NGS-64755",0.295775,0.1610252506
"467",10,16482947,18677,"ARS-BFGL-NGS-43079",0.288732,0.1010897701
"468",10,20629073,18755,"ARS-BFGL-NGS-33553",0.669014,0.1191830846
"469",10,20746648,18758,"ARS-BFGL-NGS-57195",0.091549,0.1243242635
"470",10,20776707,18759,"ARS-BFGL-BAC-10960",0.140845,0.1315944771
"471",10,20803826,18760,"ARS-BFGL-NGS-42236",0.211268,0.1818727036
"472",10,20834705,18761,"ARS-BFGL-NGS-44623",0.521127,0.1702433542
"473",10,20860225,18762,"ARS-BFGL-NGS-110110",0.521127,0.1283561379
"474",10,27185490,18831,"ARS-BFGL-BAC-11612",0.204225,0.1467178732
"475",10,27219761,18832,"BTB-01402638",0.330986,0.1192233309
"476",10,27257251,18833,"UA-IFASA-4465",0.823944,0.1662910266
"477",10,27290407,18834,"ARS-BFGL-NGS-117948",0.126761,0.19613697
"478",10,27367801,18835,"BTB-01697310",0.866197,0.1974927361
"479",10,27397646,18836,"Hapmap47512-BTA-114443",0.246479,0.1828933282
"480",10,27420541,18837,"BTB-01402397",0.380282,0.2176616001
"481",10,27547632,18838,"BTA-23031-no-rs",0.866197,0.1080350354
"482",10,28233868,18846,"BTB-00417448",0.338028,0.165234036
"483",10,28382493,18848,"BTB-00414548",0.711268,0.1388984776
"484",10,28417433,18849,"BTB-00414590",0.288732,0.1441956135
"485",10,28450074,18850,"BTB-00414664",0.288732,0.1264554987
"486",10,28490691,18851,"ARS-BFGL-NGS-3160",0.246479,0.1201121384
"487",10,29764271,18881,"ARS-BFGL-NGS-46096",0.084507,0.1067981362
"488",10,32278745,18915,"BTB-00416033",0.204225,0.1549730523
"489",10,32303809,18916,"BTB-00416055",0.964789,0.1030606866
"490",10,32324758,18917,"BTB-00416071",0.697183,0.2002106137
"491",10,32400485,18918,"UA-IFASA-8860",0.788732,0.1293645917
"492",10,32433557,18919,"BTB-00416188",0.957746,0.1450198187
"493",10,32475837,18920,"BTB-00416290",0.112676,0.1245701285
"494",10,32501730,18921,"BTB-00416386",0.887324,0.1433080712
"495",10,32581893,18922,"BTA-62321-no-rs",0.753521,0.1447698152
"496",10,41626921,19055,"BTA-96964-no-rs",0.323944,0.1436904213
"497",10,41725845,19057,"BTA-67183-no-rs",0.971831,0.116266898
"498",10,41823523,19059,"Hapmap39501-BTA-67181",0.521127,0.1439755774
"499",10,49767155,19210,"Hapmap43913-BTA-70188",0.478873,0.1466788283
"500",10,49796175,19211,"ARS-BFGL-NGS-86147",0.021127,0.1799150415
"501",10,49829868,19212,"BTB-00426818",0.035211,0.152735998
"502",10,49858694,19213,"ARS-BFGL-NGS-88023",0.288732,0.1496055762
"503",10,49882556,19214,"ARS-BFGL-NGS-70374",0.211268,0.1590109714
"504",10,50020863,19215,"BTB-00427118",0.683099,0.138384566
"505",10,50119457,19216,"BTB-00427217",0.288732,0.1730071277
"506",10,50147936,19217,"BTB-00427152",0.464789,0.115031369
"507",10,50316929,19221,"BTA-70195-no-rs",0.528169,0.1307257578
"508",10,50337554,19222,"BTB-02009817",0.957746,0.2964467516
"509",10,50375243,19223,"Hapmap50870-BTA-111277",0.330986,0.389669748
"510",10,50392283,19224,"Hapmap41480-BTA-20737",0.669014,0.2095723275
"511",10,50415615,19225,"BTB-01780583",0.464789,0.1971266302
"512",10,50467891,19226,"ARS-BFGL-NGS-15394",0.732394,0.2950875695
"513",10,50532545,19227,"BTA-92902-no-rs",0.591549,0.4997713901
"514",10,50554831,19228,"BTB-01434227",0.591549,0.6660810063
"515",10,50608000,19229,"Hapmap51989-BTA-92903",0.507042,0.4718107609
"516",10,50632188,19230,"BTB-01434144",0.507042,0.3879825255
"517",10,50673845,19231,"Hapmap54762-rs29012389",0.605634,0.357542565
"518",10,50727713,19232,"ARS-BFGL-NGS-8836",0.84507,0.3454068732
"519",10,50804429,19233,"Hapmap45147-BTA-106533",0.485915,0.1851934516
"520",10,50856455,19234,"ARS-BFGL-NGS-11399",0.316901,0.2112603911
"521",10,50881434,19235,"ARS-BFGL-NGS-5470",0.507042,0.1694915807
"522",10,50975312,19236,"BTB-00428084",0.760563,0.1242462659
"523",10,80202103,19663,"BTB-00437473",0.295775,0.1243365736
"524",10,80223687,19664,"ARS-BFGL-NGS-3980",0.422535,0.2186830449
"525",10,80258289,19665,"UA-IFASA-4740",0.394366,0.1468625838
"526",10,80402480,19667,"ARS-BFGL-NGS-59601",0.204225,0.1736051802
"527",10,80433411,19668,"ARS-BFGL-BAC-11007",0.443662,0.1234922418
"528",10,80464095,19669,"ARS-BFGL-NGS-6116",0.225352,0.1566500655
"529",11,9212734,20344,"Hapmap40102-BTA-110410",0.676056,0.1001915531
"530",11,9303545,20345,"ARS-BFGL-NGS-57976",0.880282,0.1390568011
"531",11,9345296,20346,"ARS-BFGL-NGS-83673",0.880282,0.1092554627
"532",11,12952122,20422,"BTB-00460506",0.71831,0.1061990014
"533",11,12975419,20423,"Hapmap48102-BTA-85468",0.323944,0.1348134515
"534",11,13041787,20424,"Hapmap52124-rs29020943",0.598592,0.1585890705
"535",11,13094818,20425,"ARS-BFGL-NGS-20431",0.809859,0.1428201411
"536",11,13114842,20426,"ARS-BFGL-NGS-2493",0.816901,0.1626706088
"537",11,13135356,20427,"ARS-BFGL-BAC-14209",0.612676,0.1306841392
"538",11,16000971,20480,"UA-IFASA-2426",0.429577,0.1052529749
"539",11,16110966,20481,"BTB-00462075",0.049296,0.1259478002
"540",11,16135406,20482,"BTB-00461834",0.204225,0.1063396423
"541",11,16174031,20483,"Hapmap29803-BTA-126260",0.619718,0.1156432799
"542",11,16210947,20484,"BTB-00461875",0.161972,0.1042705884
"543",11,16242950,20485,"BTB-00461926",0.161972,0.1030391663
"544",11,25467022,20685,"ARS-BFGL-NGS-29851",0.739437,0.127889699
"545",11,25630059,20686,"BTB-00469321",0.028169,0.1106775752
"546",11,25660041,20687,"Hapmap42357-BTA-89853",0.028169,0.1031512224
"547",11,25760288,20688,"ARS-BFGL-NGS-5488",0.760563,0.1083396706
"548",11,27648326,20712,"ARS-BFGL-NGS-24935",0.049296,0.1028695721
"549",11,27678911,20713,"BTB-00470332",0.647887,0.1348225224
"550",11,27709498,20714,"Hapmap58395-rs29019857",0.507042,0.1645871808
"551",11,27746425,20715,"ARS-BFGL-NGS-101857",0.246479,0.1297567499
"552",11,27830023,20716,"Hapmap48940-BTA-90883",0.542254,0.14814924
"553",11,28054041,20717,"ARS-BFGL-NGS-82906",0.471831,0.1358081396
"554",11,29333199,20746,"ARS-BFGL-NGS-103581",0.359155,0.1181737349
"555",11,29365973,20747,"ARS-BFGL-NGS-58445",0.204225,0.1288754057
"556",11,29389110,20748,"ARS-BFGL-NGS-114530",0.788732,0.1088233298
"557",11,29415659,20749,"ARS-BFGL-NGS-112640",0.267606,0.1255939094
"558",11,29454559,20750,"ARS-BFGL-NGS-14040",0.732394,0.1267679347
"559",11,29483268,20751,"ARS-BFGL-NGS-14449",0.732394,0.1393407514
"560",11,29523821,20752,"ARS-BFGL-NGS-100266",0.739437,0.1150292923
"561",11,58356755,21162,"BTA-34561-no-rs",0.683099,0.108655341
"562",11,58383311,21163,"BTA-33625-no-rs",0.859155,0.1036073188
"563",11,58497959,21164,"ARS-BFGL-BAC-11747",0.06338,0.1017918225
"564",11,83985738,21582,"ARS-BFGL-BAC-7319",0.866197,0.1051094318
"565",11,84678345,21585,"Hapmap40930-BTA-26841",0.302817,0.1016701789
"566",11,84738147,21586,"Hapmap25343-BTA-163074",0.014085,0.1223723788
"567",11,84820376,21587,"BTA-26840-no-rs",0.626761,0.1085349919
"568",11,85247389,21596,"ARS-BFGL-NGS-37939",0.204225,0.1346683968
"569",11,85302066,21597,"ARS-BFGL-NGS-107825",0.704225,0.141108326
"570",11,85322845,21598,"Hapmap43168-BTA-119307",0.225352,0.2008925496
"571",11,85359517,21599,"ARS-BFGL-NGS-40301",0.246479,0.3055185485
"572",11,85398026,21600,"ARS-BFGL-NGS-110235",0.697183,0.2711183557
"573",11,85606528,21601,"Hapmap57048-rs29017217",0.5,0.2491384721
"574",11,85771451,21602,"ARS-BFGL-NGS-111563",0.464789,0.3654883409
"575",11,85810220,21603,"Hapmap39304-BTA-109342",0.422535,0.2888585575
"576",11,85937536,21604,"Hapmap38876-BTA-109334",0.65493,0.3037615763
"577",11,85972950,21605,"BTA-120876-no-rs",0.605634,0.1692577663
"578",11,86081075,21607,"ARS-BFGL-NGS-14236",0.408451,0.1476001585
"579",11,87104511,21622,"ARS-BFGL-BAC-7337",0.802817,0.1237828474
"580",11,87194574,21624,"ARS-BFGL-NGS-38084",0.612676,0.1577790346
"581",11,87223121,21625,"Hapmap52090-rs29022201",0.549296,0.1741681779
"582",11,87279961,21626,"BTA-110370-no-rs",0.795775,0.1707878067
"583",11,87301374,21627,"ARS-BFGL-NGS-114578",0.133803,0.2879942781
"584",11,87343394,21628,"ARS-BFGL-NGS-115698",0.401408,0.1751316007
"585",11,87427230,21629,"ARS-BFGL-NGS-89483",0.211268,0.1791455035
"586",11,87450947,21630,"ARS-BFGL-NGS-77445",0.408451,0.1715603937
"587",11,87477968,21631,"ARS-BFGL-NGS-102660",0.697183,0.1509006858
"588",11,95837864,21754,"Hapmap24798-BTA-127049",0.394366,0.1160666987
"589",11,95985524,21755,"Hapmap40206-BTA-120879",0.626761,0.2015490809
"590",11,96024175,21756,"ARS-BFGL-NGS-72642",0.232394,0.2154333848
"591",11,96074398,21757,"Hapmap47514-BTA-115564",0.06338,0.2903548
"592",11,96235663,21758,"ARS-BFGL-NGS-101698",0.598592,0.3932618133
"593",11,96285921,21759,"ARS-BFGL-NGS-111672",0.528169,0.3447816358
"594",11,96322228,21760,"ARS-BFGL-NGS-43490",0.542254,0.38587215
"595",11,96454896,21761,"Hapmap60189-rs29017117",0.450704,0.2919202155
"596",11,96479338,21762,"ARS-BFGL-NGS-50500",0.492958,0.2485149327
"597",11,96609577,21763,"Hapmap51470-BTA-57893",0.43662,0.1719578006
"598",11,96699491,21764,"Hapmap51471-BTA-57896",0.43662,0.11205641
"599",12,10779144,22122,"BTB-01100174",0.239437,0.1653102843
"600",12,10830532,22123,"Hapmap35046-BES11_Contig381_736",0.232394,0.2531744373
"601",12,10851132,22124,"ARS-BFGL-NGS-21526",0.28169,0.2305727614
"602",12,10967287,22125,"Hapmap48641-BTA-119400",0.56338,0.2371591667
"603",12,11150596,22126,"ARS-BFGL-NGS-43211",0.330986,0.3360266261
"604",12,11193032,22127,"ARS-BFGL-NGS-87459",0.211268,0.2200373692
"605",12,11324144,22128,"ARS-BFGL-NGS-71187",0.443662,0.156624752
"606",12,11385069,22129,"BTB-00486553",0.746479,0.1306997277
"607",12,11414286,22130,"BTB-00487004",0.570423,0.1364685779
"608",12,14005588,22185,"BTB-01296488",0.133803,0.1154279022
"609",12,14056621,22187,"Hapmap49074-BTA-19146",0.225352,0.1209334404
"610",12,14083373,22188,"BTB-01475864",0.119718,0.1482084218
"611",12,14109902,22189,"BTB-01296573",0.830986,0.1204048102
"612",12,14156556,22190,"ARS-BFGL-NGS-6072",0.183099,0.1644307105
"613",12,14186758,22191,"BTB-01296818",0.126761,0.1135065457
"614",12,56021401,22822,"Hapmap51019-BTA-65454",0.584507,0.1058319104
"615",12,56034163,22823,"ARS-BFGL-NGS-104509",0.535211,0.1206410381
"616",12,56206814,22825,"BTB-01834845",0.661972,0.1078659861
"617",12,56276159,22827,"Hapmap43219-BTA-26954",0.5,0.1122968579
"618",13,17967955,23612,"Hapmap51587-BTA-34220",0.767606,0.1319740862
"619",13,18001601,23613,"ARS-BFGL-NGS-31365",0.852113,0.1763165078
"620",13,18167455,23614,"Hapmap39556-BTA-34210",0.542254,0.2841577817
"621",13,18189413,23615,"ARS-BFGL-NGS-30447",0.042254,0.4135776882
"622",13,18266073,23616,"Hapmap50266-BTA-13664",0.239437,0.6006650297
"623",13,18386942,23617,"Hapmap49833-BTA-103929",0.823944,0.5282867231
"624",13,18489670,23618,"ARS-BFGL-NGS-21967",0.852113,0.4937232391
"625",13,18509812,23619,"BTA-25900-no-rs",0.732394,0.636412785
"626",13,18558540,23620,"ARS-BFGL-BAC-7444",0.619718,0.6630788663
"627",13,18626070,23621,"ARS-BFGL-NGS-116274",0.619718,0.4947972566
"628",13,18676544,23622,"BTA-31832-no-rs",0.5,0.3995709706
"629",13,18720587,23623,"Hapmap43233-BTA-31838",0.43662,0.2473577802
"630",13,18755905,23624,"BTA-10553-rs29016106",0.443662,0.1566573304
"631",13,18792716,23625,"ARS-BFGL-NGS-72609",0.485915,0.1333989647
"632",13,18822522,23626,"ARS-BFGL-NGS-13518",0.34507,0.1014680741
"633",13,18870958,23627,"ARS-BFGL-NGS-68568",0.330986,0.1334651539
"634",13,18892498,23628,"ARS-BFGL-NGS-109707",0.507042,0.1530972188
"635",13,23248667,23692,"Hapmap39219-BTA-31890",0.415493,0.1386579606
"636",13,23543854,23693,"ARS-BFGL-NGS-112203",0.098592,0.1473551368
"637",13,23590146,23694,"ARS-BFGL-NGS-101509",0.176056,0.1353488653
"638",13,23647519,23695,"ARS-BFGL-NGS-99560",0.605634,0.1323048734
"639",13,23807096,23696,"ARS-BFGL-NGS-80617",0.478873,0.1505819537
"640",13,23896954,23697,"ARS-BFGL-NGS-14188",0.176056,0.1365098465
"641",13,23925448,23698,"ARS-BFGL-NGS-91120",0.704225,0.1240623507
"642",13,23993075,23699,"ARS-BFGL-NGS-31326",0.176056,0.1228235841
"643",13,26101077,23733,"Hapmap39018-BTA-31978",0.619718,0.1238798251
"644",13,58794363,24302,"ARS-BFGL-BAC-13190",0.450704,0.1098365964
"645",13,59661039,24320,"BTB-00534445",0.359155,0.1336180383
"646",13,59704623,24321,"Hapmap50319-BTA-33109",0.739437,0.140326244
"647",13,59728737,24322,"ARS-BFGL-NGS-103807",0.366197,0.1193522921
"648",13,59762662,24323,"BTB-00534589",0.943662,0.1499035484
"649",13,59828052,24324,"ARS-BFGL-NGS-108965",0.683099,0.1342105319
"650",13,59901998,24325,"Hapmap50919-BTA-23085",0.746479,0.1171895729
"651",13,59930801,24326,"ARS-BFGL-NGS-35771",0.408451,0.1002084634
"652",13,75354084,24611,"ARS-BFGL-NGS-31974",0.753521,0.1064441556
"653",14,12249541,25108,"Hapmap23784-BTC-010226",0.422535,0.1417962584
"654",14,12811226,25119,"UA-IFASA-7429",0.450704,0.1023518337
"655",14,12832792,25120,"Hapmap56398-rs29010937",0.514085,0.196612745
"656",14,12882729,25121,"UA-IFASA-7696",0.239437,0.3361686606
"657",14,12970779,25122,"Hapmap41845-BTA-35927",0.112676,0.3373003032
"658",14,13043711,25123,"Hapmap47521-BTA-120525",0.859155,0.276538201
"659",14,13104401,25124,"UA-IFASA-8537",0.619718,0.2641440988
"660",14,13357962,25125,"ARS-BFGL-NGS-104239",0.401408,0.2672164472
"661",14,13400490,25126,"ARS-BFGL-NGS-35935",0.408451,0.20161245
"662",14,13975863,25127,"ARS-BFGL-NGS-19893",0.338028,0.2394582354
"663",14,14008185,25128,"Hapmap58424-rs29021188",0.852113,0.2315530348
"664",14,14041208,25129,"BTB-01109852",0.753521,0.1868193236
"665",14,14072969,25130,"BTB-01109980",0.774648,0.1048374269
"666",14,15929822,25167,"ARS-BFGL-NGS-82859",0.598592,0.1135949628
"667",14,15956824,25168,"ARS-BFGL-BAC-10591",0.739437,0.2270443424
"668",14,15998933,25169,"ARS-BFGL-BAC-14014",0.204225,0.2031214564
"669",14,16025038,25170,"Hapmap38314-BTA-42171",0.619718,0.2014396601
"670",14,16083548,25171,"Hapmap60650-rs29021886",0.732394,0.216231315
"671",14,16161546,25172,"Hapmap47609-BTA-42173",0.788732,0.1977501765
"672",14,16242981,25173,"ARS-BFGL-NGS-30433",0.816901,0.1730677443
"673",14,16283570,25174,"BTA-35990-no-rs",0.105634,0.1514606813
"674",14,16409637,25175,"BTB-00553442",0.542254,0.1669021494
"675",14,19339380,25231,"ARS-BFGL-NGS-102399",0.190141,0.1488057356
"676",14,25923373,25344,"ARS-BFGL-BAC-1302",0.584507,0.1040811624
"677",14,64678934,25983,"ARS-BFGL-NGS-28894",0.366197,0.1167324266
"678",14,64708627,25984,"Hapmap49582-BTA-35282",0.816901,0.2010022348
"679",14,64752348,25985,"Hapmap39171-BTA-35277",0.401408,0.2158376499
"680",14,64848878,25986,"UA-IFASA-5830",0.387324,0.1187073498
"681",14,64929189,25987,"ARS-BFGL-BAC-24806",0.65493,0.1224653835
"682",14,65078173,25988,"ARS-BFGL-NGS-16512",0.06338,0.109541086
"683",14,65243234,25989,"ARS-BFGL-NGS-24670",0.795775,0.1328390972
"684",14,65391553,25991,"ARS-BFGL-NGS-115837",0.352113,0.1223244479
"685",14,65761220,25996,"ARS-BFGL-NGS-7028",0.394366,0.1026649235
"686",14,65824361,25997,"UA-IFASA-8451",0.478873,0.109994617
"687",14,66158833,26002,"BTA-07375-no-rs",0.302817,0.1514500477
"688",14,66258598,26003,"ARS-BFGL-NGS-11838",0.274648,0.1136637779
"689",14,66308321,26005,"ARS-BFGL-NGS-33213",0.767606,0.1342321498
"690",14,66350939,26006,"ARS-BFGL-NGS-59595",0.56338,0.1038173856
"691",14,66525315,26010,"ARS-BFGL-NGS-3386",0.78169,0.1005279172
"692",14,69322493,26054,"ARS-BFGL-NGS-10628",0.450704,0.1153971061
"693",14,69343258,26055,"Hapmap42350-BTA-88359",0.450704,0.1058892422
"694",14,70964025,26082,"UA-IFASA-7523",0.697183,0.1075925375
"695",15,9385293,26365,"BTA-91114-no-rs",0.429577,0.1005343435
"696",15,9454892,26366,"Hapmap50818-BTA-91110",0.147887,0.1375597037
"697",15,10740697,26380,"BTB-01538650",0.077465,0.1416967109
"698",15,10827424,26381,"ARS-BFGL-BAC-2191",0.5,0.3020576808
"699",15,10879514,26382,"BTB-01813405",0.253521,0.5556341789
"700",15,10906064,26383,"BTB-02063964",0.253521,0.8788211259
"701",15,10936002,26384,"BTB-01830390",0.352113,1.0480276895
"702",15,10974997,26385,"BTB-01608944",0.84507,1.1206944587
"703",15,11100934,26386,"BTA-91816-no-rs",0.267606,0.9739682726
"704",15,11144666,26387,"BTB-01421844",0.732394,0.7131749729
"705",15,11185546,26388,"BTB-01421892",0.732394,0.646368899
"706",15,11207429,26389,"BTB-01421934",0.711268,0.8898566632
"707",15,11236303,26390,"BTB-01422008",0.711268,0.68323064
"708",15,11310260,26391,"BTA-91820-no-rs",0.711268,0.4420277347
"709",15,11451408,26392,"Hapmap40037-BTA-100798",0.711268,0.2263848529
"710",15,11816949,26397,"ARS-BFGL-NGS-4520",0.478873,0.1303515373
"711",15,33804402,26796,"Hapmap57840-rs29014510",0.873239,0.1571339807
"712",15,33956411,26797,"BTA-36425-no-rs",0.373239,0.2054083869
"713",15,34001596,26798,"ARS-BFGL-NGS-26086",0.161972,0.3355724892
"714",15,34025604,26799,"ARS-BFGL-NGS-75576",0.422535,0.4695660448
"715",15,34054485,26800,"ARS-BFGL-NGS-2713",0.816901,0.5549891922
"716",15,34109962,26801,"ARS-BFGL-NGS-98724",0.598592,0.6252263388
"717",15,34144843,26802,"ARS-BFGL-NGS-5976",0.478873,0.5490536701
"718",15,34205212,26803,"ARS-BFGL-NGS-111085",0.246479,0.4880066068
"719",15,34225443,26804,"ARS-BFGL-NGS-116109",0.323944,0.422466866
"720",15,34249244,26805,"BTB-00593773",0.246479,0.356042165
"721",15,34273013,26806,"UA-IFASA-8490",0.246479,0.2780633461
"722",15,34314815,26807,"ARS-BFGL-NGS-106696",0.443662,0.2158683436
"723",15,50354219,27078,"Hapmap61092-rs29026735",0.570423,0.1068255367
"724",15,57629970,27196,"ARS-BFGL-BAC-6489",0.323944,0.1038292201
"725",15,61810673,27269,"BTB-01230622",0.591549,0.1459620013
"726",15,61855683,27270,"Hapmap49365-BTA-89419",0.352113,0.1193815437
"727",15,61914231,27272,"Hapmap58607-rs29013975",0.330986,0.1187790203
"728",15,62058172,27274,"BTB-01406897",0.542254,0.1681713636
"729",15,62235431,27275,"BTB-01788867",0.669014,0.1049774302
"730",15,73647677,27475,"BTB-00479280",0.408451,0.1295441287
"731",15,73704148,27476,"BTB-00479196",0.246479,0.1328067306
"732",15,73744665,27477,"BTB-00479177",0.767606,0.1866315528
"733",15,73774929,27478,"Hapmap46540-BTA-93429",0.359155,0.1336160129
"734",15,73932618,27479,"ARS-BFGL-NGS-113046",0.211268,0.2194569979
"735",15,73964566,27480,"ARS-BFGL-NGS-44270",0.422535,0.1487460734
"736",15,73991541,27481,"BTB-01206179",0.704225,0.1383928835
"737",15,74019876,27482,"Hapmap54269-rs29023420",0.676056,0.11773615
"738",16,244385,27648,"ARS-BFGL-NGS-66185",0.457746,0.1117863199
"739",16,719450,27651,"BTB-00623459",0.795775,0.1010217262
"740",16,1189722,27662,"ARS-BFGL-NGS-6005",0.43662,0.120863833
"741",16,1209875,27663,"ARS-BFGL-NGS-108427",0.288732,0.117502836
"742",16,1350556,27664,"ARS-BFGL-NGS-110989",0.535211,0.1136301658
"743",16,1395952,27665,"Hapmap52241-rs29014076",0.105634,0.1172834125
"744",16,1432322,27666,"Hapmap40972-BTA-38862",0.28169,0.1541973728
"745",16,1456618,27667,"ARS-BFGL-NGS-21417",0.330986,0.1459286316
"746",16,1480344,27668,"Hapmap35625-SCAFFOLD312099_6800",0.323944,0.1450503819
"747",16,5680582,27744,"BTB-02055130",0.788732,0.1669712122
"748",16,6121692,27745,"BTA-95363-no-rs",0.478873,0.2978286068
"749",16,6308221,27746,"BTB-01975868",0.140845,0.2425433125
"750",16,6329170,27747,"ARS-BFGL-NGS-89740",0.464789,0.1634004576
"751",16,6421207,27748,"BTB-01200020",0.478873,0.1018884983
"752",16,6446024,27749,"BTB-01200008",0.394366,0.1167631986
"753",16,11214992,27818,"BTB-01698122",0.549296,0.1125841983
"754",16,11410055,27824,"ARS-BFGL-NGS-14292",0.246479,0.1080565118
"755",16,34337719,28151,"Hapmap50308-BTA-29728",0.295775,0.1011962278
"756",16,34451175,28153,"ARS-BFGL-NGS-100932",0.21831,0.1180083515
"757",16,34493084,28154,"BTB-00638221",0.56338,0.1762849935
"758",16,34537769,28155,"Hapmap46698-BTA-38760",0.56338,0.1169509561
"759",16,53407745,28451,"BTA-39215-no-rs",0.232394,0.1039672826
"760",16,53433033,28452,"ARS-BFGL-NGS-29043",0.929577,0.1017457484
"761",16,53470013,28453,"BTB-00647119",0.732394,0.100732032
"762",16,53504840,28454,"Hapmap58300-rs29026453",0.21831,0.1828179867
"763",16,53531283,28455,"ARS-BFGL-NGS-84228",0.535211,0.1281363405
"764",16,60525984,28581,"BTB-01732320",0.830986,0.1012977843
"765",16,60560617,28582,"Hapmap56001-rs29023690",0.373239,0.1001974288
"766",16,60638392,28583,"BTB-00653779",0.197183,0.1083641312
"767",16,60744478,28584,"BTB-00653808",0.859155,0.1090935307
"768",16,60784885,28585,"ARS-BFGL-NGS-11469",0.584507,0.1006347759
"769",16,60966792,28587,"ARS-BFGL-NGS-12581",0.5,0.1017713148
"770",16,72000010,28795,"Hapmap55487-rs29023215",0.809859,0.112266835
"771",16,72025137,28796,"ARS-BFGL-NGS-106233",0.711268,0.1440657157
"772",16,72146211,28798,"Hapmap51565-BTA-122868",0.753521,0.121919874
"773",17,5529898,29059,"ARS-BFGL-NGS-24849",0.260563,0.1028224298
"774",17,28637922,29447,"BTB-00676077",0.274648,0.1275494539
"775",17,28709448,29448,"Hapmap39420-BTA-65875",0.647887,0.1309015528
"776",17,28946786,29449,"ARS-BFGL-NGS-30992",0.859155,0.1211300346
"777",17,29056641,29450,"ARS-BFGL-BAC-32712",0.711268,0.1043920326
"778",17,47697987,29767,"Hapmap38389-BTA-17091",0.091549,0.1002334657
"779",17,52610220,29838,"ARS-BFGL-NGS-16431",0.140845,0.1131629268
"780",17,60781502,30002,"ARS-BFGL-NGS-39993",0.323944,0.1158658117
"781",17,63638557,30064,"ARS-BFGL-NGS-102231",0.690141,0.1164977038
"782",17,63670448,30065,"ARS-BFGL-NGS-115604",0.288732,0.1316880991
"783",17,63702565,30066,"BTB-00683557",0.830986,0.1789678452
"784",17,63734585,30067,"BTB-00683408",0.450704,0.2345361121
"785",17,63801977,30068,"ARS-BFGL-NGS-68160",0.612676,0.2420046905
"786",17,63839661,30069,"ARS-BFGL-NGS-111681",0.514085,0.1739345982
"787",17,63860049,30070,"ARS-BFGL-NGS-94330",0.626761,0.1219070405
"788",17,63950062,30072,"ARS-BFGL-BAC-36611",0.169014,0.1076533639
"789",17,63980425,30073,"ARS-BFGL-NGS-17192",0.535211,0.1191433996
"790",17,64725259,30091,"ARS-BFGL-NGS-119559",0.830986,0.1212831416
"791",17,64880442,30093,"BTA-41804-no-rs",0.823944,0.1301089749
"792",17,64908699,30094,"BTB-00686787",0.612676,0.1236263907
"793",17,64941889,30095,"ARS-BFGL-NGS-111098",0.330986,0.1352275006
"794",17,64965089,30096,"Hapmap51227-BTA-41809",0.521127,0.1595287271
"795",17,64994584,30097,"BTB-00686912",0.422535,0.1197443013
"796",17,65019617,30098,"ARS-BFGL-NGS-41791",0.43662,0.1025182555
"797",17,72650868,30260,"ARS-BFGL-NGS-102576",0.06338,0.1390294231
"798",17,72708941,30261,"ARS-BFGL-NGS-117289",0.295775,0.1341701855
"799",17,72733715,30262,"ARS-BFGL-NGS-61354",0.415493,0.1105093281
"800",17,72754526,30263,"ARS-BFGL-NGS-16630",0.556338,0.1094184678
"801",17,72912770,30266,"ARS-BFGL-NGS-108169",0.43662,0.1231619273
"802",18,6140925,30359,"BTA-121111-no-rs",0.28169,0.1096684442
"803",18,6572449,30374,"ARS-BFGL-NGS-58546",0.366197,0.1126789623
"804",18,6627295,30375,"ARS-BFGL-NGS-101349",0.471831,0.1290278173
"805",18,6661805,30376,"ARS-BFGL-NGS-2504",0.56338,0.1263537957
"806",18,6723849,30377,"BTA-03029-rs29010796",0.105634,0.1317185277
"807",18,6747828,30378,"Hapmap54020-rs29023153",0.316901,0.1609003691
"808",18,6788121,30379,"Hapmap23072-BTA-131895",0.380282,0.1600988635
"809",18,6830147,30380,"ARS-BFGL-NGS-31035",0.359155,0.1714778759
"810",18,6864571,30381,"BTA-42870-no-rs",0.359155,0.1252619561
"811",18,21231877,30651,"BTB-00705849",0.619718,0.1286615006
"812",18,21337120,30652,"ARS-BFGL-NGS-111533",0.161972,0.2542432318
"813",18,21391728,30653,"Hapmap46385-BTA-90833",0.035211,0.4494537388
"814",18,21429894,30654,"Hapmap35049-BES5_Contig425_820",0.070423,0.3313303114
"815",18,21454669,30655,"Hapmap42359-BTA-90829",0.415493,0.321038444
"816",18,21483055,30656,"ARS-BFGL-NGS-106934",0.612676,0.2473642381
"817",18,21505378,30657,"Hapmap49904-BTA-19486",0.556338,0.1525067922
"818",18,21555192,30659,"ARS-BFGL-NGS-43902",0.809859,0.1039041933
"819",18,21791294,30663,"Hapmap42547-BTA-42724",0.676056,0.108565453
"820",18,26996637,30770,"ARS-BFGL-NGS-12130",0.873239,0.1067411993
"821",18,27034659,30771,"BTA-19724-no-rs",0.514085,0.1498780652
"822",18,27057109,30772,"Hapmap52207-rs29021316",0.753521,0.1730525911
"823",18,27147855,30773,"ARS-BFGL-BAC-34194",0.908451,0.1239609828
"824",18,27193722,30774,"Hapmap23161-BTA-162019",0.507042,0.1545776509
"825",18,27285021,30775,"ARS-BFGL-NGS-29803",0.598592,0.182001312
"826",18,27360956,30776,"Hapmap50199-BTA-106275",0.556338,0.1285033131
"827",18,27440587,30777,"Hapmap33051-BTA-154275",0.274648,0.166033038
"828",18,27466718,30778,"ARS-BFGL-BAC-34193",0.15493,0.1800524495
"829",18,27489227,30779,"ARS-BFGL-NGS-5283",0.34507,0.2332037451
"830",18,27556941,30780,"BTA-106270-no-rs",0.823944,0.1855006686
"831",18,27873728,30781,"ARS-BFGL-NGS-36647",0.767606,0.2357321108
"832",18,27938774,30782,"ARS-BFGL-NGS-101461",0.267606,0.3809178316
"833",18,28048779,30783,"ARS-BFGL-NGS-110709",0.774648,0.283550781
"834",18,28122450,30784,"ARS-BFGL-NGS-59857",0.359155,0.2280346754
"835",18,28195018,30785,"ARS-BFGL-NGS-73644",0.443662,0.237078915
"836",18,28233472,30786,"ARS-BFGL-NGS-108426",0.443662,0.1694792354
"837",18,28333748,30787,"BTA-29270-no-rs",0.239437,0.1150091104
"838",18,28989050,30795,"Hapmap49026-BTA-113661",0.521127,0.1016614839
"839",18,29138185,30797,"Hapmap38811-BTA-113622",0.21831,0.1060298176
"840",18,29200440,30798,"Hapmap45469-BTA-113627",0.556338,0.1638232369
"841",18,29271888,30799,"Hapmap51157-BTA-116869",0.549296,0.200279552
"842",18,29298380,30800,"BTA-113636-no-rs",0.450704,0.1764313203
"843",18,29324758,30801,"ARS-BFGL-NGS-106535",0.507042,0.2624605545
"844",18,29364850,30802,"Hapmap55151-rs29025839",0.28169,0.2795316006
"845",18,29467609,30803,"Hapmap48531-BTA-95258",0.169014,0.2227679224
"846",18,29524292,30804,"ARS-BFGL-NGS-16967",0.760563,0.179574601
"847",18,29576686,30805,"Hapmap53786-rs29014011",0.478873,0.1416326626
"848",18,29605571,30806,"Hapmap36782-SCAFFOLD167149_2583",0.521127,0.1713823933
"849",18,29649247,30807,"BTA-95254-no-rs",0.429577,0.1448184151
"850",18,54117753,31234,"ARS-BFGL-NGS-52477",0.943662,0.191789687
"851",18,54201723,31235,"Hapmap47295-BTA-43799",0.450704,0.190768337
"852",18,54265768,31236,"ARS-BFGL-NGS-108618",0.507042,0.1963252876
"853",18,54423038,31237,"BTB-00726211",0.204225,0.1866930126
"854",18,54524864,31238,"Hapmap38225-BTA-43804",0.056338,0.1659251186
"855",18,54546398,31239,"ARS-BFGL-NGS-82046",0.880282,0.1840717435
"856",18,54586408,31240,"ARS-BFGL-NGS-10623",0.887324,0.1417039929
"857",18,54783476,31241,"ARS-BFGL-NGS-70161",0.605634,0.1305655788
"858",19,41653976,32098,"ARS-BFGL-NGS-111199",0.457746,0.1443223199
"859",19,41688325,32099,"UA-IFASA-9304",0.408451,0.1724619987
"860",19,41758457,32100,"ARS-BFGL-NGS-38784",0.570423,0.1778979182
"861",19,41788040,32101,"ARS-BFGL-NGS-111247",0.549296,0.1404885107
"862",19,41836105,32102,"ARS-BFGL-NGS-1032",0.119718,0.1390583621
"863",19,41922085,32103,"ARS-BFGL-NGS-106239",0.366197,0.1311787722
"864",19,45438908,32173,"UA-IFASA-6117",0.605634,0.1030924281
"865",19,45480873,32174,"ARS-BFGL-NGS-114067",0.302817,0.1491889255
"866",19,45565481,32175,"BTA-45655-no-rs",0.929577,0.1362123728
"867",19,45640308,32176,"ARS-BFGL-NGS-110481",0.119718,0.1295811869
"868",19,45703318,32177,"ARS-BFGL-NGS-102317",0.838028,0.1276231478
"869",19,45756376,32178,"UA-IFASA-8333",0.683099,0.1275048849
"870",19,45809961,32179,"UA-IFASA-8910",0.21831,0.1296455214
"871",19,45912712,32180,"ARS-BFGL-NGS-19397",0.380282,0.1136812845
"872",19,45962318,32181,"ARS-BFGL-NGS-39129",0.43662,0.1028512355
"873",19,50718075,32268,"ARS-BFGL-NGS-39328",0.43662,0.1216000016
"874",19,50812576,32270,"ARS-BFGL-NGS-73980",0.514085,0.1131423676
"875",19,51407028,32282,"ARS-BFGL-BAC-35684",0.274648,0.1057903155
"876",19,51427990,32283,"ARS-BFGL-NGS-22719",0.091549,0.1229333346
"877",19,51489174,32284,"ARS-BFGL-NGS-111298",0.169014,0.1330035508
"878",19,51532636,32285,"ARS-BFGL-NGS-68655",0.739437,0.1185928669
"879",19,51584353,32286,"ARS-BFGL-NGS-44098",0.901408,0.1392985218
"880",19,51614996,32287,"ARS-BFGL-NGS-77313",0.774648,0.1630706433
"881",19,51642943,32288,"ARS-BFGL-NGS-105532",0.626761,0.1573967761
"882",19,51674934,32289,"ARS-BFGL-NGS-117951",0.676056,0.1292449679
"883",19,51713082,32290,"Hapmap39750-BTA-45775",0.633803,0.1099800445
"884",19,51772007,32291,"Hapmap42219-BTA-45770",0.584507,0.1123407443
"885",19,51860856,32293,"ARS-BFGL-NGS-112589",0.098592,0.1037552631
"886",19,51892710,32294,"BTB-00760167",0.676056,0.1230534151
"887",20,11873589,32774,"BTB-01947189",0.746479,0.1450605789
"888",20,11948110,32775,"ARS-BFGL-NGS-84611",0.204225,0.1566419015
"889",20,12001911,32776,"ARS-BFGL-NGS-112994",0.78169,0.2323315947
"890",20,12040873,32777,"Hapmap52341-rs29025776",0.549296,0.4138387881
"891",20,12087403,32778,"ARS-BFGL-NGS-3276",0.352113,0.5722138312
"892",20,12111883,32779,"ARS-BFGL-NGS-78615",0.295775,0.5689079257
"893",20,12136194,32780,"Hapmap44603-BTA-51543",0.823944,0.4286373871
"894",20,12166596,32781,"ARS-BFGL-BAC-31736",0.387324,0.370064722
"895",20,12228546,32782,"BTA-118245-no-rs",0.570423,0.3054249416
"896",20,12265622,32783,"Hapmap42086-BTA-118249",0.661972,0.2070786053
"897",20,12308594,32784,"ARS-BFGL-NGS-26205",0.098592,0.1257295683
"898",20,12336676,32785,"BTA-51542-no-rs",0.626761,0.1241792548
"899",20,45053767,33297,"ARS-BFGL-BAC-27247",0.577465,0.1166840514
"900",20,45076553,33298,"Hapmap61037-rs29016327",0.429577,0.1040638587
"901",20,45326625,33301,"BTB-01942525",0.140845,0.1024134612
"902",20,45641953,33304,"Hapmap51381-BTA-107547",0.176056,0.1229981556
"903",20,45677327,33305,"ARS-BFGL-NGS-37203",0.15493,0.1969815074
"904",20,45726823,33306,"Hapmap32803-BTA-135212",0.507042,0.135263157
"905",21,44216692,34523,"BTB-00820947",0.880282,0.1033609872
"906",21,66581100,34885,"ARS-BFGL-NGS-103918",0.978873,0.1377334957
"907",22,19093982,35278,"BTB-00839323",0.922535,0.1114516564
"908",22,19403914,35281,"ARS-BFGL-NGS-114883",0.485915,0.1159226866
"909",22,35656826,35516,"ARS-BFGL-NGS-21808",0.246479,0.1222127276
"910",22,35692840,35517,"BTA-54207-no-rs",0.901408,0.1114536775
"911",22,35729340,35518,"Hapmap41295-BTA-54203",0.964789,0.1117492948
"912",22,35933227,35519,"Hapmap50888-BTA-121350",0.267606,0.1356555859
"913",22,36221354,35520,"BTA-22352-no-rs",0.288732,0.1307751723
"914",22,36335811,35521,"BTA-27368-no-rs",0.288732,0.2031228837
"915",22,36411261,35522,"Hapmap35530-SCAFFOLD65737_1657",0.697183,0.2958014897
"916",22,36432552,35523,"ARS-BFGL-BAC-35732",0.690141,0.3176352298
"917",22,36505459,35524,"ARS-BFGL-NGS-43172",0.591549,0.2965640141
"918",22,36606947,35525,"ARS-BFGL-NGS-105840",0.260563,0.2257324755
"919",22,38674217,35564,"ARS-BFGL-NGS-82909",0.478873,0.1159210918
"920",22,38735749,35565,"Hapmap47039-BTA-54432",0.647887,0.1011431978
"921",22,38760668,35566,"BTA-54431-no-rs",0.802817,0.1052699816
"922",22,38832195,35567,"BTB-00846328",0.65493,0.1025065029
"923",22,38933225,35568,"BTB-00846254",0.971831,0.1055621922
"924",22,39042744,35570,"BTB-00846141",0.985915,0.124157665
"925",22,39080164,35571,"ARS-BFGL-NGS-55340",0.746479,0.1337055157
"926",22,39130220,35572,"ARS-BFGL-NGS-71810",0.478873,0.1624893265
"927",22,44563359,35670,"ARS-BFGL-NGS-81286",0.647887,0.1175573062
"928",22,44704423,35674,"Hapmap42246-BTA-54605",0.528169,0.1263320834
"929",22,49442636,35751,"ARS-BFGL-NGS-31703",0.591549,0.1085793142
"930",22,49480862,35752,"ARS-BFGL-NGS-88154",0.591549,0.1780731506
"931",22,49768282,35753,"ARS-BFGL-NGS-16330",0.260563,0.1819541843
"932",22,49836856,35754,"ARS-BFGL-NGS-15965",0.161972,0.2175101958
"933",22,49904097,35755,"ARS-BFGL-NGS-39459",0.774648,0.1222554413
"934",22,49963223,35756,"ARS-BFGL-NGS-43179",0.225352,0.1985013548
"935",22,49991511,35757,"ARS-BFGL-NGS-28703",0.190141,0.1535508258
"936",22,50038809,35758,"ARS-BFGL-NGS-96011",0.457746,0.1343602942
"937",22,50081546,35759,"Hapmap60583-rs29027190",0.619718,0.1495095554
"938",22,50134423,35760,"Hapmap57252-rs29018823",0.246479,0.1034976545
"939",22,54250243,35835,"Hapmap41094-BTA-83358",0.394366,0.1057005923
"940",22,54271229,35836,"ARS-BFGL-NGS-104424",0.408451,0.1265988435
"941",22,54295406,35837,"ARS-BFGL-NGS-114255",0.774648,0.1029560702
"942",22,54372266,35838,"ARS-BFGL-NGS-76826",0.077465,0.1227542437
"943",22,54428720,35839,"ARS-BFGL-NGS-116073",0.21831,0.1260568338
"944",22,54473931,35840,"ARS-BFGL-NGS-25024",0.394366,0.1378796322
"945",22,54498985,35841,"ARS-BFGL-NGS-118899",0.429577,0.1316561887
"946",22,54521697,35842,"ARS-BFGL-NGS-14331",0.429577,0.1039581704
"947",23,13850106,36190,"ARS-BFGL-NGS-41214",0.943662,0.1031059277
"948",23,13870700,36191,"ARS-BFGL-NGS-13554",0.830986,0.1694230599
"949",23,14007398,36192,"ARS-BFGL-NGS-25089",0.640845,0.2228361362
"950",23,14056765,36193,"ARS-BFGL-NGS-101393",0.443662,0.1429901878
"951",23,14094944,36194,"ARS-BFGL-NGS-61941",0.605634,0.1750781503
"952",23,14117386,36195,"ARS-BFGL-NGS-105087",0.394366,0.1263642649
"953",23,14164329,36196,"ARS-BFGL-NGS-118763",0.507042,0.1897243393
"954",23,14185501,36197,"ARS-BFGL-NGS-34854",0.507042,0.2138805578
"955",23,14208471,36198,"ARS-BFGL-NGS-100006",0.507042,0.1411246312
"956",23,14487014,36205,"ARS-BFGL-NGS-115470",0.316901,0.100914349
"957",23,31725204,36485,"UA-IFASA-6229",0.478873,0.1461532546
"958",23,31914133,36487,"ARS-BFGL-BAC-5885",0.323944,0.1230808697
"959",23,32057953,36488,"BTA-89233-no-rs",0.429577,0.1379745048
"960",23,32103167,36489,"Hapmap58717-rs29026673",0.669014,0.1310054811
"961",23,32348856,36493,"Hapmap29824-BTA-137304",0.577465,0.1052270186
"962",23,32393438,36494,"BTA-56261-no-rs",0.316901,0.1004241059
"963",24,10511916,37069,"Hapmap59628-rs29013651",0.901408,0.1043119198
"964",24,10588074,37070,"ARS-BFGL-BAC-41582",0.838028,0.1692753468
"965",24,10590106,37071,"BTB-01140405",0.591549,0.1103188179
"966",24,10643239,37072,"BTB-01998747",0.161972,0.1059277993
"967",24,10664383,37073,"ARS-BFGL-NGS-79951",0.098592,0.1031230461
"968",24,10714691,37074,"UA-IFASA-7878",0.5,0.1349750625
"969",24,10777722,37075,"BTB-00881336",0.633803,0.1106955945
"970",24,21783988,37238,"Hapmap38610-BTA-57584",0.302817,0.1164770766
"971",24,21830890,37239,"ARS-BFGL-BAC-47350",0.823944,0.1246662731
"972",24,28330492,37339,"ARS-BFGL-NGS-63856",0.049296,0.1575589645
"973",24,28353262,37340,"BTB-01485885",0.042254,0.3220209643
"974",24,28417928,37341,"ARS-BFGL-NGS-5141",0.204225,0.5945939782
"975",24,28452709,37342,"BTA-97262-no-rs",0.28169,0.4809271622
"976",24,28487771,37343,"ARS-BFGL-BAC-28665",0.873239,0.6899732353
"977",24,28516684,37344,"Hapmap54981-rs29019846",0.816901,0.7747524437
"978",24,28540641,37345,"BTB-01485274",0.591549,0.8983644118
"979",24,28570245,37346,"Hapmap58887-rs29013502",0.647887,0.7619212852
"980",24,28604672,37347,"BTB-01646599",0.591549,0.589457911
"981",24,28638911,37348,"ARS-BFGL-NGS-41140",0.605634,0.4372705711
"982",24,28676366,37349,"ARS-BFGL-NGS-35716",0.591549,0.2628811483
"983",24,28703207,37350,"BTB-00884791",0.591549,0.1367035271
"984",24,28795202,37352,"BTB-00883964",0.401408,0.1325471852
"985",24,50103163,37712,"ARS-BFGL-NGS-17892",0.71831,0.103800677
"986",24,50175324,37713,"ARS-BFGL-NGS-36484",0.528169,0.1327059679
"987",24,50226252,37714,"ARS-BFGL-NGS-26178",0.035211,0.1118153608
"988",24,58477861,37839,"ARS-BFGL-NGS-87044",0.612676,0.1004296582
"989",24,58568769,37841,"ARS-BFGL-NGS-72174",0.626761,0.1005083647
"990",24,58877604,37844,"ARS-BFGL-NGS-40380",0.753521,0.142513636
"991",24,58902927,37845,"ARS-BFGL-NGS-84525",0.485915,0.1162363489
"992",24,59057936,37846,"ARS-BFGL-NGS-93817",0.380282,0.1045037776
"993",24,60798822,37877,"ARS-BFGL-NGS-36906",0.464789,0.1158568771
"994",24,60845513,37878,"ARS-BFGL-NGS-117690",0.035211,0.1447706504
"995",24,60875114,37879,"ARS-BFGL-NGS-41126",0.147887,0.1492293365
"996",24,60916827,37880,"ARS-BFGL-NGS-25933",0.246479,0.1147830481
"997",24,61463290,37892,"Hapmap35425-SCAFFOLD305155_18811",0.380282,0.1061164902
"998",25,688464,37918,"ARS-BFGL-NGS-108460",0.43662,0.1508402998
"999",25,758528,37919,"ARS-BFGL-NGS-117233",0.267606,0.2513333112
"1000",25,814595,37920,"ARS-BFGL-NGS-62237",0.140845,0.1867388717
"1001",25,841307,37921,"ARS-BFGL-NGS-116934",0.93662,0.1922123035
"1002",25,925854,37922,"ARS-BFGL-NGS-115164",0.464789,0.1735270209
"1003",25,950550,37923,"ARS-BFGL-NGS-117981",0.809859,0.1305690563
"1004",25,986967,37924,"ARS-BFGL-NGS-4009",0.415493,0.1112432674
"1005",25,5903547,38033,"Hapmap30152-BTC-053926",0.521127,0.1405578933
"1006",25,5926428,38034,"ARS-BFGL-NGS-26868",0.964789,0.205045771
"1007",25,6004727,38035,"Hapmap51962-BTA-96856",0.873239,0.1976909888
"1008",25,6057840,38036,"Hapmap32191-BTC-019394",0.669014,0.2420538676
"1009",25,6080581,38037,"Hapmap31265-BTC-019439",0.683099,0.2715531352
"1010",25,6109723,38038,"Hapmap32438-BTC-019523",0.690141,0.2017089655
"1011",25,6130207,38039,"Hapmap24512-BTC-019555",0.887324,0.1332876713
"1012",25,6161712,38040,"Hapmap31908-BTC-019642",0.43662,0.1197786092
"1013",25,6193751,38041,"Hapmap30117-BTC-019731",0.535211,0.1169914242
"1014",26,26675554,39179,"BTB-01856345",0.929577,0.1126247094
"1015",26,26716950,39180,"BTB-01731406",0.809859,0.180344649
"1016",26,26805982,39181,"ARS-BFGL-NGS-10463",0.901408,0.1468832486
"1017",26,26835193,39182,"BTA-86472-no-rs",0.556338,0.1422766584
"1018",27,16546003,39915,"ARS-BFGL-NGS-97489",0.647887,0.1281084169
"1019",27,16628800,39916,"Hapmap4685-BTA-29671",0.34507,0.1098273651
"1020",27,16663290,39917,"BTB-00952622",0.78169,0.1510777013
"1021",27,16692516,39918,"ARS-BFGL-NGS-58358",0.78169,0.1468466711
"1022",27,16749902,39919,"ARS-BFGL-NGS-34807",0.676056,0.1238276227
"1023",27,16778234,39920,"ARS-BFGL-NGS-13660",0.507042,0.1055916564
"1024",27,16796562,39921,"UA-IFASA-3305",0.267606,0.1176239446
"1025",27,16818014,39922,"ARS-BFGL-NGS-38547",0.492958,0.1158411355
"1026",27,16946270,39923,"ARS-BFGL-NGS-45781",0.5,0.1033940166
"1027",27,29096224,40152,"Hapmap44432-BTA-97711",0.866197,0.1134651452
"1028",27,29137254,40153,"ARS-BFGL-NGS-110668",0.71831,0.1746577763
"1029",27,29184261,40154,"BTB-01063707",0.830986,0.2285979852
"1030",27,29245816,40155,"Hapmap30049-BTA-160481",0.457746,0.1872346768
"1031",27,29300707,40156,"ARS-BFGL-NGS-107516",0.753521,0.2000076362
"1032",27,29327952,40157,"ARS-BFGL-NGS-58109",0.577465,0.1936189564
"1033",27,29356039,40158,"ARS-BFGL-NGS-5502",0.366197,0.1790443475
"1034",27,29388307,40159,"BTB-01063562",0.65493,0.2038671419
"1035",27,29427447,40160,"BTA-97696-no-rs",0.380282,0.1708089456
"1036",27,29450651,40161,"BTA-97695-no-rs",0.098592,0.1139375541
"1037",27,29476959,40162,"BTB-01063458",0.443662,0.1223779952
"1038",27,29960827,40170,"BTA-94629-no-rs",0.690141,0.1111886964
"1039",28,3430196,40509,"Hapmap49856-BTA-108815",0.28169,0.1025315846
"1040",28,19756973,40790,"BTB-01016364",0.514085,0.2043934274
"1041",28,19811322,40791,"ARS-BFGL-NGS-45799",0.366197,0.2368953472
"1042",28,19890618,40792,"BTB-01681889",0.647887,0.1636748785
"1043",28,19935115,40793,"BTB-00980670",0.830986,0.1467974676
"1044",28,20968839,40812,"BTB-01129293",0.295775,0.1021449667
"1045",28,26144415,40891,"ARS-BFGL-NGS-4258",0.549296,0.1036967614
"1046",28,26311842,40894,"BTA-63833-no-rs",0.964789,0.1209458881
"1047",28,26344300,40895,"ARS-BFGL-NGS-102837",0.549296,0.1309641333
"1048",28,26372666,40896,"ARS-BFGL-NGS-36357",0.514085,0.1178689545
"1049",28,26414679,40897,"ARS-BFGL-NGS-119677",0.514085,0.1280784102
"1050",28,26472060,40898,"ARS-BFGL-NGS-116627",0.330986,0.114809881
"1051",28,26509128,40899,"ARS-BFGL-NGS-20357",0.704225,0.1071148983
"1052",28,26598192,40902,"ARS-BFGL-NGS-4070",0.295775,0.15395446
"1053",28,26627985,40903,"ARS-BFGL-NGS-107963",0.267606,0.1150350602
"1054",28,26661955,40904,"ARS-BFGL-NGS-1594",0.373239,0.105068403
"1055",28,26683350,40905,"ARS-BFGL-NGS-80910",0.521127,0.1202226564
"1056",28,26705231,40906,"ARS-BFGL-NGS-30338",0.683099,0.1171303224
"1057",28,26728689,40907,"ARS-BFGL-NGS-116374",0.65493,0.1116337485
"1058",28,26752831,40908,"ARS-BFGL-NGS-44160",0.077465,0.1153594548
"1059",28,26770398,40909,"Hapmap47897-BTA-25453",0.485915,0.1067211787
"1060",28,32922685,41001,"Hapmap34673-BES10_Contig743_1320",0.288732,0.1008108454
"1061",28,34836515,41041,"ARS-BFGL-NGS-103387",0.591549,0.1396726045
"1062",28,34851742,41042,"ARS-BFGL-NGS-65547",0.478873,0.2196796075
"1063",28,34875430,41043,"ARS-BFGL-NGS-15751",0.605634,0.2534344703
"1064",28,34912784,41044,"Hapmap47068-BTA-64117",0.15493,0.2442533423
"1065",28,34951758,41045,"ARS-BFGL-NGS-108719",0.612676,0.2146477499
"1066",28,34982582,41046,"ARS-BFGL-NGS-57340",0.823944,0.2489699743
"1067",28,35093950,41047,"BTB-00987935",0.373239,0.2165725765
"1068",28,35132199,41048,"ARS-USMARC-Parent-EF026086-rs29013660",0.309859,0.331314039
"1069",28,35155098,41049,"UA-IFASA-5633",0.647887,0.3037150094
"1070",28,35188027,41050,"BTA-26221-no-rs",0.647887,0.1835407436
"1071",28,35212761,41051,"ARS-BFGL-NGS-36659",0.34507,0.1099390546
"1072",28,35466741,41052,"BTB-02015177",0.514085,0.1249868716
"1073",28,38623185,41104,"ARS-BFGL-NGS-110340",0.21831,0.1346885576
"1074",28,39341830,41116,"BTA-64258-no-rs",0.65493,0.1630702489
"1075",28,39384586,41117,"Hapmap41045-BTA-64263",0.21831,0.1442319929
"1076",28,39457322,41118,"BTA-64266-no-rs",0.816901,0.1476646771
"1077",28,39556851,41119,"ARS-BFGL-NGS-60152",0.091549,0.1227265358
"1078",28,39632576,41120,"BTB-00990573",0.570423,0.1970463728
"1079",28,39654559,41121,"BTB-01978062",0.098592,0.1371528362
"1080",28,39775835,41122,"ARS-BFGL-NGS-92658",0.859155,0.1739982685
"1081",28,39796396,41123,"ARS-BFGL-NGS-55590",0.401408,0.1583935967
"1082",29,46661667,42035,"ARS-BFGL-NGS-100175",0.760563,0.1336997478
"1083",29,46700354,42036,"ARS-BFGL-NGS-18176",0.605634,0.182168948
"1084",29,46720868,42037,"ARS-BFGL-NGS-76567",0.816901,0.1577159041
"1085",29,46767514,42038,"Hapmap41327-BTA-66071",0.732394,0.1337422017
"1086",29,46799868,42039,"ARS-BFGL-NGS-61484",0.183099,0.1060251748
"1087",29,46823027,42040,"ARS-BFGL-NGS-101626",0.014085,0.1164617422
"1088",29,46844718,42041,"ARS-BFGL-NGS-14050",0.34507,0.128140993
"1089",29,46871788,42042,"ARS-BFGL-NGS-107395",0.521127,0.107243333
